{
 "vertexPositions" : [-0.5,0.7,1,0.5,-0.7,1,0.5,0.7,-1,-0.5,-0.7,-1,0.5,0.7,1,-0.5,-0.7,1,0.5,-0.7,-1,-0.5,0.7,-1],
 "vertexNormals" : [-0.57735,0.57735,0.57735,0.57735,-0.57735,0.57735,0.57735,0.57735,-0.57735,-0.57735,-0.57735,-0.57735,0.57735,0.57735,0.57735,-0.57735,-0.57735,0.57735,0.57735,-0.57735,-0.57735,-0.57735,0.57735,-0.57735],
 "triangles" : [0,5,1,0,1,4,2,6,3,2,3,7,1,6,2,1,2,4,4,2,7,4,7,0,5,3,6,5,6,1,0,7,3,0,3,5]
}
