{
 "vertexPositions" : [1,-1,1,1,1,-1,-1,-1,-1,-1,1,1,1,-1,-1,-1,-1,1,1,1,1,-1,1,-1],
 "vertexNormals" : [0.57735,-0.57735,0.57735,0.57735,0.57735,-0.57735,-0.57735,-0.57735,-0.57735,-0.57735,0.57735,0.57735,0.57735,-0.57735,-0.57735,-0.57735,-0.57735,0.57735,0.57735,0.57735,0.57735,-0.57735,0.57735,-0.57735],
 "quads" : [3,5,0,6,1,4,2,7,0,4,1,6,6,1,7,3,5,2,4,0,3,7,2,5]
}
