{
 "vertexPositions" : [-0.5,0.5,1,-0.5,-0.5,1,0.5,-0.5,1,0.5,0.5,1,0.5,0.5,-1,0.5,-0.5,-1,-0.5,-0.5,-1,-0.5,0.5,-1,1,-0.5,0.5,1,-0.5,-0.5,1,0.5,-0.5,1,0.5,0.5,0.5,1,0.5,0.5,1,-0.5,-0.5,1,-0.5,-0.5,1,0.5,-0.5,-1,0.5,-0.5,-1,-0.5,0.5,-1,-0.5,0.5,-1,0.5,-1,0.5,0.5,-1,0.5,-0.5,-1,-0.5,-0.5,-1,-0.5,0.5,-0.5,0.875,0.875,0,0.5,1,-0.5,0,1,-0.875,0.5,0.875,0,-0.5,1,-0.5,-0.875,0.875,-0.875,-0.5,0.875,0.5,0,1,0.875,-0.5,0.875,0.5,-0.875,0.875,0.5,0.875,0.875,0.875,0.5,0.875,0.5,0.875,-0.875,0,0.5,-1,0.5,0,-1,0.875,0.5,-0.875,0,-0.5,-1,0.5,-0.875,-0.875,0.875,-0.5,-0.875,-0.5,0,-1,-0.875,-0.5,-0.875,-0.5,-0.875,-0.875,-0.5,0.875,-0.875,-0.875,0.5,-0.875,1,0,0.5,1,-0.5,0,0.875,-0.875,0.5,1,0,-0.5,0.875,-0.875,-0.5,1,0.5,0,0.875,0.875,-0.5,0.875,0.875,0.5,0,1,0.5,0.5,1,0,0,1,-0.5,-0.5,1,0,-0.875,0.875,-0.5,-0.875,0.875,0.5,0,-1,0.5,-0.5,-1,0,-0.875,-0.875,0.5,0,-1,-0.5,-0.875,-0.875,-0.5,0.5,-1,0,-1,0,0.5,-1,0.5,0,-1,0,-0.5,-1,-0.5,0,-0.777778,0.777778,0.777778,-0.875,0,0.875,0,0,1,0,0.875,0.875,-0.777778,-0.777778,0.777778,0,-0.875,0.875,0.777778,-0.777778,0.777778,0.875,0,0.875,0.777778,0.777778,0.777778,0.777778,0.777778,-0.777778,0.875,0,-0.875,0,0,-1,0,0.875,-0.875,0.777778,-0.777778,-0.777778,0,-0.875,-0.875,-0.777778,-0.777778,-0.777778,-0.875,0,-0.875,-0.777778,0.777778,-0.777778,0.875,-0.875,0,1,0,0,0.875,0.875,0,0,1,0,-0.875,0.875,0,-0.875,-0.875,0,0,-1,0,-1,0,0],
 "vertexNormals" : [-0.155996,0.1858,0.970126,-0.193904,-0.193904,0.961667,0.1858,-0.155996,0.970126,0.158355,0.158355,0.974601,0.155996,0.1858,-0.970126,0.193904,-0.193904,-0.961667,-0.1858,-0.155996,-0.970126,-0.158355,0.158355,-0.974601,0.970126,-0.155996,0.1858,0.961667,-0.193904,-0.193904,0.970126,0.1858,-0.155996,0.974601,0.158355,0.158355,0.155996,0.970126,0.1858,0.193904,0.961667,-0.193904,-0.1858,0.970126,-0.155996,-0.158355,0.974601,0.158355,-0.155996,-0.970126,0.1858,-0.193904,-0.961667,-0.193904,0.1858,-0.970126,-0.155996,0.158355,-0.974601,0.158355,-0.970126,0.155996,0.1858,-0.961667,0.193904,-0.193904,-0.970126,-0.1858,-0.155996,-0.974601,-0.158355,0.158355,-0.164458,0.716747,0.677663,0,0.160182,0.987087,-0.160182,0,0.987087,-0.677295,0.194103,0.709645,0,-0.160182,0.987087,-0.197872,-0.706163,0.679839,-0.724405,-0.203533,0.658644,0.160182,0,0.987087,0.698098,-0.15912,0.698098,0.200041,-0.696304,0.689307,0.164458,0.677664,0.716747,0.696808,0.170052,0.696808,0.197873,0.679839,-0.706162,0,0.160182,-0.987087,0.160182,0,-0.987087,0.688137,0.230078,-0.688137,0,-0.160182,-0.987087,0.233139,-0.716523,-0.65745,0.687045,-0.236511,-0.687045,-0.160182,0,-0.987087,-0.709645,-0.194103,-0.677295,-0.233139,-0.65745,-0.716523,-0.200041,0.689307,-0.696304,-0.658644,0.203533,-0.724405,0.987087,0,0.160182,0.987087,-0.160182,0,0.689307,-0.696304,0.200041,0.987087,0,-0.160182,0.679839,-0.706163,-0.197872,0.987087,0.160182,0,0.706162,0.679839,-0.197873,0.696304,0.689307,0.200041,0,0.987087,0.160182,0.160182,0.987087,0,0,0.987087,-0.160182,-0.160182,0.987087,0,-0.679839,0.706162,-0.197873,-0.689307,0.696304,0.200041,0,-0.987087,0.160182,-0.160182,-0.987087,0,-0.696304,-0.689307,0.200041,0,-0.987087,-0.160182,-0.706163,-0.679839,-0.197872,0.160182,-0.987087,0,-0.987087,0,0.160182,-0.987087,0.160182,0,-0.987087,0,-0.160182,-0.987087,-0.160182,0,-0.544999,0.597464,0.588229,-0.707107,0,0.707107,0,0,1,0,0.707107,0.707107,-0.594744,-0.585685,0.550685,0,-0.707107,0.707107,0.588464,-0.554455,0.588464,0.707107,0,0.707107,0.565421,0.556078,0.60916,0.574897,0.582226,-0.574897,0.707107,0,-0.707107,0,0,-1,0,0.707107,-0.707107,0.578928,-0.612857,-0.537818,0,-0.707107,-0.707107,-0.615955,-0.539491,-0.574064,-0.707107,0,-0.707107,-0.550685,0.585685,-0.594744,0.707107,-0.707107,0,1,0,0,0.707107,0.707107,0,0,1,0,-0.707107,0.707107,0,-0.707107,-0.707107,0,0,-1,0,-1,0,0],
 "quads" : [72,27,0,24,27,73,26,0,0,26,74,25,24,0,25,75,73,30,1,26,30,76,29,1,1,29,77,28,26,1,28,74,74,28,2,31,28,77,33,2,2,33,78,32,31,2,32,79,75,25,3,34,25,74,31,3,3,31,79,35,34,3,35,80,81,39,4,36,39,82,38,4,4,38,83,37,36,4,37,84,82,42,5,38,42,85,41,5,5,41,86,40,38,5,40,83,83,40,6,43,40,86,45,6,6,45,87,44,43,6,44,88,84,37,7,46,37,83,43,7,7,43,88,47,46,7,47,89,78,50,8,32,50,90,49,8,8,49,91,48,32,8,48,79,90,52,9,49,52,85,42,9,9,42,82,51,49,9,51,91,91,51,10,53,51,82,39,10,10,39,81,54,53,10,54,92,79,48,11,35,48,91,53,11,11,53,92,55,35,11,55,80,80,55,12,34,55,92,57,12,12,57,93,56,34,12,56,75,92,54,13,57,54,81,36,13,13,36,84,58,57,13,58,93,93,58,14,59,58,84,46,14,14,46,89,60,59,14,60,94,75,56,15,24,56,93,59,15,15,59,94,61,24,15,61,72,76,64,16,29,64,95,63,16,16,63,96,62,29,16,62,77,95,66,17,63,66,87,45,17,17,45,86,65,63,17,65,96,96,65,18,67,65,86,41,18,18,41,85,52,67,18,52,90,77,62,19,33,62,96,67,19,19,67,90,50,33,19,50,78,72,61,20,27,61,94,69,20,20,69,97,68,27,20,68,73,94,60,21,69,60,89,47,21,21,47,88,70,69,21,70,97,97,70,22,71,70,88,44,22,22,44,87,66,71,22,66,95,73,68,23,30,68,97,71,23,23,71,95,64,30,23,64,76]
}
