{
 "vertexPositions" : [0,0,1,0,0,-1,1,0,0,0,1,0,0,-1,0,-1,0,0,0,1,1,1,0,1,0,-1,1,-1,0,1,0,1,-1,-1,0,-1,0,-1,-1,1,0,-1,1,1,0,1,-1,0,-1,1,0,-1,-1,0,-1,1,1,-1,-1,1,1,-1,1,1,1,1,1,1,-1,1,-1,-1,-1,-1,-1,-1,1,-1],
 "vertexNormals" : [0,0,1,0,0,-1,1,0,0,0,1,0,0,-1,0,-1,0,0,0,0.707107,0.707107,0.707107,0,0.707107,0,-0.707107,0.707107,-0.707107,0,0.707107,0,0.707107,-0.707107,-0.707107,0,-0.707107,0,-0.707107,-0.707107,0.707107,0,-0.707107,0.707107,0.707107,0,0.707107,-0.707107,0,-0.707107,0.707107,0,-0.707107,-0.707107,0,-0.57735,0.57735,0.57735,-0.57735,-0.57735,0.57735,0.57735,-0.57735,0.57735,0.57735,0.57735,0.57735,0.57735,0.57735,-0.57735,0.57735,-0.57735,-0.57735,-0.57735,-0.57735,-0.57735,-0.57735,0.57735,-0.57735],
 "quads" : [18,9,0,6,9,19,8,0,0,8,20,7,6,0,7,21,22,13,1,10,13,23,12,1,1,12,24,11,10,1,11,25,20,15,2,7,15,23,13,2,2,13,22,14,7,2,14,21,21,14,3,6,14,22,10,3,3,10,25,16,6,3,16,18,19,17,4,8,17,24,12,4,4,12,23,15,8,4,15,20,18,16,5,9,16,25,11,5,5,11,24,17,9,5,17,19]
}
